Symbol,Date,avg_sentiment,news_count,sentiment_momentum
BBC,2020-11-06,-0.9058250188827516,1,
BBC,2021-04-21,0.0,1,0.9058250188827516
BBC,2021-04-22,0.942896842956543,1,0.942896842956543
BBC,2022-01-14,0.0,1,-0.942896842956543
BBC,2024-11-26,0.0,1,0.0
BBC,2025-02-11,0.0,1,0.0
BBC,2025-02-20,0.0,1,0.0
BBC,2026-05-29,0.0,1,0.0
CIT,2020-01-14,0.0,1,
CIT,2020-02-11,0.0,1,0.0
CIT,2020-02-13,0.0,1,0.0
CIT,2020-03-02,0.0,1,0.0
CIT,2020-03-12,0.0,1,0.0
CIT,2020-03-15,0.5079694390296936,1,0.5079694390296936
CIT,2020-06-17,0.0,1,-0.5079694390296936
CIT,2020-06-30,0.0,1,0.0
CIT,2020-07-09,0.0,1,0.0
CIT,2020-08-16,0.0,1,0.0
CIT,2020-08-18,0.44968381524086,2,0.44968381524086
CIT,2020-08-24,0.0,1,-0.44968381524086
CIT,2020-08-25,0.5133576393127441,1,0.5133576393127441
CIT,2020-09-03,0.0,1,-0.5133576393127441
CIT,2020-09-08,0.9420984983444214,1,0.9420984983444214
CIT,2020-11-05,0.0,1,-0.9420984983444214
CIT,2020-11-22,0.7745314836502075,1,0.7745314836502075
CIT,2020-12-10,0.0,1,-0.7745314836502075
CIT,2020-12-17,0.0,1,0.0
CIT,2020-12-20,-0.31019702553749084,2,-0.31019702553749084
CIT,2020-12-25,0.0,1,0.31019702553749084
CIT,2021-01-12,0.0,1,0.0
CIT,2021-01-13,0.0,1,0.0
CIT,2021-01-31,0.0,1,0.0
CIT,2021-02-01,0.0,1,0.0
CIT,2021-02-21,0.0,1,0.0
CIT,2021-03-10,0.0,1,0.0
CIT,2021-03-14,0.0,1,0.0
CIT,2021-03-15,0.0,1,0.0
CIT,2021-03-16,0.0,1,0.0
CIT,2021-03-21,0.0,1,0.0
CIT,2021-03-24,0.0,1,0.0
CIT,2021-03-30,0.0,1,0.0
CIT,2021-05-16,0.0,1,0.0
CIT,2021-05-18,-0.6709933876991272,1,-0.6709933876991272
CIT,2021-06-07,0.0,1,0.6709933876991272
CIT,2021-06-21,0.0,1,0.0
CIT,2021-07-04,0.0,1,0.0
CIT,2022-05-15,-0.4116162657737732,1,-0.4116162657737732
CIT,2022-07-28,-0.8032550811767578,1,-0.3916388154029846
CIT,2022-08-09,0.0,1,0.8032550811767578
CIT,2022-10-12,0.0,1,0.0
CIT,2022-11-16,0.9470220804214478,1,0.9470220804214478
CIT,2023-02-03,0.0,1,-0.9470220804214478
CIT,2023-02-10,0.9483007788658142,1,0.9483007788658142
CIT,2023-03-27,0.0,1,-0.9483007788658142
CIT,2023-04-07,0.0,1,0.0
CIT,2023-05-02,0.9478376507759094,1,0.9478376507759094
CIT,2023-05-14,0.0,1,-0.9478376507759094
CIT,2023-06-25,-0.8870792388916016,1,-0.8870792388916016
CIT,2023-07-03,0.0,1,0.8870792388916016
CIT,2023-09-24,0.0,1,0.0
CIT,2023-11-07,0.9445757269859314,1,0.9445757269859314
CIT,2023-12-05,0.0,1,-0.9445757269859314
CIT,2023-12-24,0.0,1,0.0
CIT,2024-02-09,0.9545486569404602,1,0.9545486569404602
CIT,2024-02-18,0.0,1,-0.9545486569404602
CIT,2024-03-01,0.0,1,0.0
CIT,2024-03-17,0.0,1,0.0
CIT,2024-05-10,0.936579704284668,1,0.936579704284668
CIT,2024-05-26,0.0,1,-0.936579704284668
CIT,2024-06-14,0.0,1,0.0
CIT,2024-06-24,0.0,1,0.0
CIT,2024-07-03,0.6213345527648926,1,0.6213345527648926
CIT,2024-07-22,0.0,1,-0.6213345527648926
CIT,2024-08-09,-0.9678319692611694,1,-0.9678319692611694
CIT,2024-09-25,0.0,1,0.9678319692611694
CIT,2024-11-13,0.9308478236198424,1,0.9308478236198424
CIT,2024-12-22,0.0,1,-0.9308478236198424
CIT,2024-12-24,0.0,1,0.0
CIT,2025-01-05,0.0,1,0.0
CIT,2025-08-15,0.6241785883903503,1,0.6241785883903503
CIT,2025-12-22,0.0,1,-0.6241785883903503
CIT,2025-12-26,0.0,1,0.0
CIT,2025-12-28,0.0,1,0.0
CIT,2026-02-16,0.0,1,0.0
CIT,2026-03-17,0.0,1,0.0
CIT,2026-05-06,0.0,1,0.0
CIT,2026-05-08,0.9311681389808656,1,0.9311681389808656
CIT,2026-05-29,0.8046448826789856,1,-0.12652325630188
CIT,2026-06-18,0.7580306529998779,1,-0.046614229679107666
HBL,2020-01-21,0.9306278824806212,1,
HBL,2020-01-26,-0.6108093857765198,1,-1.5414372682571411
HBL,2020-02-05,0.9505152702331544,1,1.561324656009674
HBL,2020-03-29,0.0,1,-0.9505152702331544
HBL,2020-05-06,0.729250431060791,1,0.729250431060791
HBL,2020-05-10,0.8174762725830078,1,0.0882258415222168
HBL,2020-07-21,0.0,1,-0.8174762725830078
HBL,2020-08-07,0.0,1,0.0
HBL,2020-08-14,0.0,1,0.0
HBL,2020-09-20,0.0,1,0.0
HBL,2020-10-11,0.0,1,0.0
HBL,2020-10-15,0.646442711353302,1,0.646442711353302
HBL,2020-11-08,-0.8246827721595764,1,-1.4711254835128784
HBL,2020-11-13,-0.974543571472168,1,-0.14986079931259155
HBL,2020-11-30,0.0,1,0.974543571472168
HBL,2020-12-20,0.0,1,0.0
HBL,2020-12-28,0.7416253089904785,1,0.7416253089904785
HBL,2021-03-12,0.8440055251121521,1,0.10238021612167358
HBL,2021-03-14,0.0,1,-0.8440055251121521
HBL,2021-03-15,0.7891557216644287,1,0.7891557216644287
HBL,2021-03-29,0.0,1,-0.7891557216644287
HBL,2021-04-27,0.6272536516189575,1,0.6272536516189575
HBL,2021-05-13,0.0,1,-0.6272536516189575
HBL,2021-05-14,0.0,1,0.0
HBL,2021-06-01,0.0,1,0.0
HBL,2021-06-24,0.0,1,0.0
HBL,2021-07-07,0.0,1,0.0
HBL,2021-07-19,0.0,1,0.0
HBL,2021-08-06,0.0,1,0.0
HBL,2021-08-13,-0.9697684645652772,1,-0.9697684645652772
HBL,2021-08-29,0.8626008629798889,1,1.832369327545166
HBL,2021-08-31,0.8513712882995605,1,-0.01122957468032837
HBL,2021-09-20,0.8205180168151855,1,-0.030853271484375
HBL,2021-10-06,0.0,1,-0.8205180168151855
HBL,2021-10-08,0.0,1,0.0
HBL,2021-11-14,0.7774278521537781,1,0.7774278521537781
HBL,2021-11-16,0.0,1,-0.7774278521537781
HBL,2021-11-29,0.534464418888092,1,0.534464418888092
HBL,2021-12-01,0.9038152694702148,1,0.3693508505821228
HBL,2021-12-17,0.0,1,-0.9038152694702148
HBL,2021-12-26,0.0,1,0.0
HBL,2022-01-10,0.8145230412483215,1,0.8145230412483215
HBL,2022-01-11,0.8388491272926331,1,0.024326086044311523
HBL,2022-01-12,0.5766159892082214,1,-0.2622331380844116
HBL,2022-01-16,0.0,2,-0.5766159892082214
HBL,2022-01-26,0.9545509219169616,1,0.9545509219169616
HBL,2022-03-13,0.6618355512619019,1,-0.2927153706550597
HBL,2022-05-26,0.5694140791893005,1,-0.09242147207260132
HBL,2022-06-06,0.0,1,-0.5694140791893005
HBL,2022-06-28,0.0,1,0.0
HBL,2022-07-13,0.0,1,0.0
HBL,2022-07-31,0.5479037761688232,1,0.5479037761688232
HBL,2022-08-03,0.9527523517608644,1,0.4048485755920411
HBL,2022-08-08,0.0,1,-0.9527523517608644
HBL,2022-08-10,0.0,1,0.0
HBL,2022-08-11,0.8997092843055725,1,0.8997092843055725
HBL,2022-08-23,0.0,3,-0.8997092843055725
HBL,2022-08-31,0.0,1,0.0
HBL,2022-09-04,0.0,1,0.0
HBL,2022-09-05,0.9048382639884948,1,0.9048382639884948
HBL,2022-09-13,0.9279311299324036,1,0.023092865943908802
HBL,2022-09-14,0.0,1,-0.9279311299324036
HBL,2022-09-20,0.0,1,0.0
HBL,2022-09-30,0.7261360287666321,1,0.7261360287666321
HBL,2022-11-01,0.0,1,-0.7261360287666321
HBL,2022-11-10,0.5602225065231323,1,0.5602225065231323
HBL,2022-11-23,0.0,1,-0.5602225065231323
HBL,2022-12-12,0.5593260526657104,1,0.5593260526657104
HBL,2022-12-15,0.5494976043701172,1,-0.009828448295593262
HBL,2022-12-20,0.0,1,-0.5494976043701172
HBL,2022-12-22,0.0,1,0.0
HBL,2023-01-11,0.0,1,0.0
HBL,2023-01-13,0.4384984076023102,2,0.4384984076023102
HBL,2023-01-24,0.0,1,-0.4384984076023102
HBL,2023-01-26,0.0,1,0.0
HBL,2023-02-01,0.0,1,0.0
HBL,2023-02-14,0.7061961889266968,1,0.7061961889266968
HBL,2023-02-16,0.0,1,-0.7061961889266968
HBL,2023-02-17,0.0,1,0.0
HBL,2023-02-23,0.0,1,0.0
HBL,2023-02-24,0.0,1,0.0
HBL,2023-02-26,0.8948453664779663,1,0.8948453664779663
HBL,2023-03-09,0.0,1,-0.8948453664779663
HBL,2023-04-03,0.0,1,0.0
HBL,2023-04-04,0.94543194770813,1,0.94543194770813
HBL,2023-04-10,0.8018333315849304,1,-0.14359861612319957
HBL,2023-04-24,0.8937946557998657,1,0.0919613242149353
HBL,2023-04-30,0.920721709728241,1,0.026927053928375244
HBL,2023-05-10,0.8490281105041504,1,-0.07169359922409058
HBL,2023-05-11,0.0,1,-0.8490281105041504
HBL,2023-05-19,0.8141828179359436,1,0.8141828179359436
HBL,2023-06-21,0.9001802802085876,1,0.08599746227264404
HBL,2023-06-22,0.0,1,-0.9001802802085876
HBL,2023-06-23,0.9182356595993042,1,0.9182356595993042
HBL,2023-07-10,0.7375316023826599,1,-0.1807040572166443
HBL,2023-07-20,0.0,1,-0.7375316023826599
HBL,2023-08-08,0.0,1,0.0
HBL,2023-08-13,0.0,1,0.0
HBL,2023-08-16,0.7901077270507812,1,0.7901077270507812
HBL,2023-08-23,0.0,1,-0.7901077270507812
HBL,2023-08-25,0.6519157290458679,1,0.6519157290458679
HBL,2023-08-28,0.79795902967453,1,0.1460433006286621
HBL,2023-09-18,0.0,1,-0.79795902967453
HBL,2023-09-22,0.0,1,0.0
HBL,2023-10-04,0.0,1,0.0
HBL,2023-10-12,0.8557509183883667,1,0.8557509183883667
HBL,2023-11-10,0.850895345211029,1,-0.0048555731773376465
HBL,2023-12-20,0.0,1,-0.850895345211029
HBL,2023-12-24,0.0,1,0.0
HBL,2024-01-04,0.0,1,0.0
HBL,2024-02-21,0.0,1,0.0
HBL,2024-03-12,0.0,1,0.0
HBL,2024-03-14,0.68105548620224,1,0.68105548620224
HBL,2024-04-02,0.0,1,-0.68105548620224
HBL,2024-05-06,0.0,1,0.0
HBL,2024-05-30,0.0,1,0.0
HBL,2024-06-03,0.0,1,0.0
HBL,2024-06-12,0.0,1,0.0
HBL,2024-06-17,0.4681063592433929,1,0.4681063592433929
HBL,2024-06-18,0.0,1,-0.4681063592433929
HBL,2024-07-15,-0.8687849044799805,1,-0.8687849044799805
HBL,2024-07-29,0.9101953506469728,1,1.7789802551269531
HBL,2024-08-06,0.0,1,-0.9101953506469728
HBL,2024-08-12,0.0,1,0.0
HBL,2024-09-12,0.0,1,0.0
HBL,2024-10-16,0.6915405988693237,1,0.6915405988693237
HBL,2024-12-11,0.0,1,-0.6915405988693237
HBL,2024-12-17,0.0,1,0.0
HBL,2024-12-30,0.824952244758606,1,0.824952244758606
HBL,2025-01-15,0.0,1,-0.824952244758606
HBL,2025-01-21,0.6722638607025146,1,0.6722638607025146
HBL,2025-03-18,0.710766077041626,1,0.03850221633911133
HBL,2025-04-28,0.8318603038787842,1,0.1210942268371582
HBL,2025-06-09,0.909619390964508,1,0.07775908708572377
HBL,2025-06-11,0.8638519644737244,1,-0.04576742649078358
HBL,2025-06-13,0.0,1,-0.8638519644737244
HBL,2025-07-08,0.0,1,0.0
HBL,2025-07-16,0.0,1,0.0
HBL,2025-07-17,-0.9693111777305604,1,-0.9693111777305604
HBL,2025-07-18,-0.9367507696151732,1,0.032560408115387185
HBL,2025-07-20,-0.8807100057601929,1,0.05604076385498036
HBL,2025-07-29,0.0,1,0.8807100057601929
HBL,2025-09-01,0.0,1,0.0
HBL,2025-09-21,0.556268036365509,1,0.556268036365509
HBL,2025-10-30,0.7273039221763611,1,0.17103588581085205
HBL,2025-12-23,0.0,1,-0.7273039221763611
HBL,2026-01-14,0.9130539298057556,1,0.9130539298057556
HBL,2026-01-16,0.691374659538269,1,-0.22167927026748657
HBL,2026-03-30,0.0,1,-0.691374659538269
HBL,2026-04-26,0.8378865718841553,1,0.8378865718841553
HBL,2026-05-31,0.0,1,-0.8378865718841553
NABIL,2020-01-05,0.0,1,
NABIL,2020-01-06,0.0,1,0.0
NABIL,2020-01-09,0.7144492268562317,1,0.7144492268562317
NABIL,2020-01-13,0.0,1,-0.7144492268562317
NABIL,2020-01-14,0.6363128423690796,1,0.6363128423690796
NABIL,2020-01-15,0.9213843941688538,1,0.28507155179977417
NABIL,2020-01-21,0.0,1,-0.9213843941688538
NABIL,2020-01-27,0.7077035307884216,1,0.7077035307884216
NABIL,2020-01-28,0.0,1,-0.7077035307884216
NABIL,2020-02-03,0.0,1,0.0
NABIL,2020-02-08,0.0,1,0.0
NABIL,2020-02-11,-0.9759171605110168,1,-0.9759171605110168
NABIL,2020-02-20,0.0,1,0.9759171605110168
NABIL,2020-02-25,0.927684247493744,1,0.927684247493744
NABIL,2020-03-03,0.0,1,-0.927684247493744
NABIL,2020-03-11,0.0,1,0.0
NABIL,2020-03-15,0.0,1,0.0
NABIL,2020-03-16,0.0,2,0.0
NABIL,2020-03-23,0.0,1,0.0
NABIL,2020-04-28,0.7067968249320984,1,0.7067968249320984
NABIL,2020-05-04,0.829647421836853,1,0.12285059690475464
NABIL,2020-05-12,0.88347989320755,1,0.05383247137069702
NABIL,2020-05-27,0.7836248278617859,1,-0.09985506534576416
NABIL,2020-06-09,0.0,1,-0.7836248278617859
NABIL,2020-07-08,0.8545442223548889,1,0.8545442223548889
NABIL,2020-07-13,0.8611980676651001,1,0.006653845310211182
NABIL,2020-07-14,0.0,1,-0.8611980676651001
NABIL,2020-07-17,0.4623268842697144,2,0.4623268842697144
NABIL,2020-07-21,0.0,1,-0.4623268842697144
NABIL,2020-07-29,0.0,1,0.0
NABIL,2020-08-02,0.9312887787818908,1,0.9312887787818908
NABIL,2020-08-05,0.0,1,-0.9312887787818908
NABIL,2020-08-13,0.7083828151226044,2,0.7083828151226044
NABIL,2020-08-18,0.8324939608573914,1,0.12411114573478699
NABIL,2020-08-27,0.0,1,-0.8324939608573914
NABIL,2020-08-28,0.0,1,0.0
NABIL,2020-09-03,0.0,1,0.0
NABIL,2020-09-09,0.0,1,0.0
NABIL,2020-09-17,0.0,1,0.0
NABIL,2020-09-22,0.0,1,0.0
NABIL,2020-09-25,0.0,2,0.0
NABIL,2020-09-28,0.6365043520927429,1,0.6365043520927429
NABIL,2020-09-30,0.0,1,-0.6365043520927429
NABIL,2020-10-07,0.8299074172973633,1,0.8299074172973633
NABIL,2020-10-21,0.0,2,-0.8299074172973633
NABIL,2020-10-22,0.0,1,0.0
NABIL,2020-10-28,0.0,1,0.0
NABIL,2020-10-29,0.9351208209991456,1,0.9351208209991456
NABIL,2020-11-12,0.7484707832336426,1,-0.18665003776550304
NABIL,2020-11-14,-0.9726314544677734,1,-1.721102237701416
NABIL,2020-11-25,0.9171897172927856,1,1.889821171760559
NABIL,2020-11-30,0.946070432662964,1,0.028880715370178334
NABIL,2020-12-06,0.6773041486740112,1,-0.26876628398895275
NABIL,2020-12-10,0.0,1,-0.6773041486740112
NABIL,2020-12-22,0.0,1,0.0
NABIL,2020-12-23,0.0,1,0.0
NABIL,2020-12-24,0.6367130279541016,1,0.6367130279541016
NABIL,2020-12-25,0.9448691606521606,1,0.3081561326980591
NABIL,2020-12-30,0.9501032829284668,1,0.005234122276306152
NABIL,2021-01-04,0.0,1,-0.9501032829284668
NABIL,2021-01-05,0.731074869632721,1,0.731074869632721
NABIL,2021-01-14,0.5178585648536682,1,-0.21321630477905273
NABIL,2021-01-27,0.9495673179626464,1,0.43170875310897816
NABIL,2021-01-28,-0.958237886428833,1,-1.9078052043914795
NABIL,2021-01-29,0.7666336297988892,1,1.7248715162277222
NABIL,2021-01-31,0.7572656273841858,1,-0.00936800241470337
NABIL,2021-02-07,0.5877091884613037,1,-0.16955643892288208
NABIL,2021-02-23,0.0,1,-0.5877091884613037
NABIL,2021-02-24,0.9480597376823424,1,0.9480597376823424
NABIL,2021-03-02,0.7929267883300781,1,-0.1551329493522643
NABIL,2021-03-05,0.8662355542182922,1,0.07330876588821411
NABIL,2021-03-08,0.0,1,-0.8662355542182922
NABIL,2021-03-10,0.0,1,0.0
NABIL,2021-03-18,0.7089528441429138,1,0.7089528441429138
NABIL,2021-03-21,0.5280756950378418,1,-0.18087714910507202
NABIL,2021-03-23,0.0,1,-0.5280756950378418
NABIL,2021-03-24,0.0,1,0.0
NABIL,2021-03-26,-0.11036261916160583,2,-0.11036261916160583
NABIL,2021-03-29,0.9460110068321228,1,1.0563736259937286
NABIL,2021-03-31,0.0,1,-0.9460110068321228
NABIL,2021-04-02,0.8751178979873657,1,0.8751178979873657
NABIL,2021-04-04,0.8444496989250183,1,-0.030668199062347412
NABIL,2021-04-05,0.8642091155052185,1,0.019759416580200195
NABIL,2021-04-07,0.0,1,-0.8642091155052185
NABIL,2021-04-09,0.888830304145813,1,0.888830304145813
NABIL,2021-04-15,0.0,1,-0.888830304145813
NABIL,2021-04-16,0.0,1,0.0
NABIL,2021-04-27,0.9534567594528198,1,0.9534567594528198
NABIL,2021-04-28,0.0,1,-0.9534567594528198
NABIL,2021-04-30,0.0,1,0.0
NABIL,2021-05-17,0.8659946918487549,1,0.8659946918487549
NABIL,2021-05-20,0.8781998753547668,1,0.012205183506011963
NABIL,2021-05-21,0.8789352178573608,1,0.0007353425025939941
NABIL,2021-05-27,-0.9637342691421508,1,-1.8426694869995117
NABIL,2021-06-04,0.0,1,0.9637342691421508
NABIL,2021-06-10,0.7790538668632507,1,0.7790538668632507
NABIL,2021-06-20,0.0,1,-0.7790538668632507
NABIL,2021-06-28,0.4776734113693238,2,0.4776734113693238
NABIL,2021-06-30,0.39816564321517944,2,-0.07950776815414434
NABIL,2021-07-02,0.0,1,-0.39816564321517944
NABIL,2021-07-05,0.0,1,0.0
NABIL,2021-07-11,0.6608893871307373,1,0.6608893871307373
NABIL,2021-07-13,0.0,2,-0.6608893871307373
NABIL,2021-07-15,0.0,1,0.0
NABIL,2021-07-18,0.0,1,0.0
NABIL,2021-07-21,0.0,1,0.0
NABIL,2021-07-25,0.0,1,0.0
NABIL,2021-07-27,0.0,1,0.0
NABIL,2021-07-28,0.0,1,0.0
NABIL,2021-07-30,-0.9746224880218506,1,-0.9746224880218506
NABIL,2021-08-01,0.889389157295227,1,1.8640116453170776
NABIL,2021-08-08,0.0,1,-0.889389157295227
NABIL,2021-08-13,0.0,1,0.0
NABIL,2021-08-16,0.8642340898513794,1,0.8642340898513794
NABIL,2021-08-19,0.823646068572998,1,-0.04058802127838135
NABIL,2021-08-20,0.8734266757965088,1,0.04978060722351074
NABIL,2021-08-27,-0.9409414529800416,1,-1.8143681287765503
NABIL,2021-08-29,0.8409233093261719,1,1.7818647623062134
NABIL,2021-08-31,0.0,1,-0.8409233093261719
NABIL,2021-09-06,0.9136975407600404,1,0.9136975407600404
NABIL,2021-09-08,0.0,1,-0.9136975407600404
NABIL,2021-09-10,0.0,1,0.0
NABIL,2021-09-12,0.4629640281200409,2,0.4629640281200409
NABIL,2021-09-13,-0.9245427846908568,1,-1.3875068128108978
NABIL,2021-09-14,0.0,1,0.9245427846908568
NABIL,2021-09-15,0.0,1,0.0
NABIL,2021-09-17,0.42648401856422424,2,0.42648401856422424
NABIL,2021-09-20,0.8425418734550476,1,0.41605785489082336
NABIL,2021-09-23,0.4212946593761444,2,-0.4212472140789032
NABIL,2021-09-26,0.40627744793891907,2,-0.015017211437225342
NABIL,2021-09-30,-0.007692992687225397,2,-0.41397044062614446
NABIL,2021-10-06,0.4487629234790802,2,0.4564559161663056
NABIL,2021-10-08,0.9013149738311768,1,0.45255205035209656
NABIL,2021-10-11,0.0,2,-0.9013149738311768
NABIL,2021-10-22,0.0,1,0.0
NABIL,2021-10-26,0.0,1,0.0
NABIL,2021-10-27,0.8213996291160583,1,0.8213996291160583
NABIL,2021-10-29,0.8509342670440674,1,0.029534637928009033
NABIL,2021-11-01,0.44523781538009644,2,-0.40569645166397095
NABIL,2021-11-02,0.0,1,-0.44523781538009644
NABIL,2021-11-08,0.9256568551063538,1,0.9256568551063538
NABIL,2021-11-11,0.9371827244758606,2,0.011525869369506836
NABIL,2021-11-16,0.929863691329956,1,-0.007319033145904541
NABIL,2021-11-17,0.43445876240730286,2,-0.4954049289226532
NABIL,2021-11-18,0.5220559239387512,1,0.08759716153144836
NABIL,2021-11-19,0.0,1,-0.5220559239387512
NABIL,2021-11-21,0.9067078232765198,1,0.9067078232765198
NABIL,2021-11-24,0.931672215461731,1,0.02496439218521118
NABIL,2021-11-28,0.7239635586738586,1,-0.20770865678787231
NABIL,2021-11-30,0.0,1,-0.7239635586738586
NABIL,2021-12-01,0.0,1,0.0
NABIL,2021-12-06,0.9201231598854064,1,0.9201231598854064
NABIL,2021-12-10,0.0,1,-0.9201231598854064
NABIL,2021-12-15,0.791465163230896,1,0.791465163230896
NABIL,2021-12-17,0.0,1,-0.791465163230896
NABIL,2021-12-20,0.0,1,0.0
NABIL,2021-12-22,0.9076823592185974,1,0.9076823592185974
NABIL,2021-12-24,0.5462601780891418,2,-0.36142218112945557
NABIL,2021-12-28,0.0,1,-0.5462601780891418
NABIL,2021-12-29,-0.95845228433609,1,-0.95845228433609
NABIL,2022-01-02,0.9483129978179932,1,1.9067652821540833
NABIL,2022-01-04,0.9172441959381104,1,-0.031068801879882812
NABIL,2022-01-11,0.9417162537574768,1,0.024472057819366455
NABIL,2022-01-14,0.37554728984832764,2,-0.5661689639091492
NABIL,2022-01-16,0.5576801896095276,1,0.18213289976119995
NABIL,2022-01-20,0.0,1,-0.5576801896095276
NABIL,2022-01-21,0.9508053064346312,1,0.9508053064346312
NABIL,2022-01-23,0.6421239972114563,1,-0.30868130922317494
NABIL,2022-01-28,0.4678472578525543,2,-0.17427673935890198
NABIL,2022-02-09,0.0,1,-0.4678472578525543
NABIL,2022-02-16,0.7821950912475586,1,0.7821950912475586
NABIL,2022-02-20,0.6209813356399536,1,-0.16121375560760498
NABIL,2022-02-24,-0.9750419855117798,1,-1.5960233211517334
NABIL,2022-03-02,0.7805742025375366,1,1.7556161880493164
NABIL,2022-03-08,0.0,1,-0.7805742025375366
NABIL,2022-03-10,0.5222265124320984,1,0.5222265124320984
NABIL,2022-03-13,0.0,1,-0.5222265124320984
NABIL,2022-03-14,0.8808811902999878,2,0.8808811902999878
NABIL,2022-03-18,0.44981086254119873,2,-0.43107032775878906
NABIL,2022-03-22,0.7915512919425964,1,0.3417404294013977
NABIL,2022-03-23,0.7414495944976807,1,-0.05010169744491577
NABIL,2022-03-24,0.8131263256072998,1,0.07167673110961914
NABIL,2022-03-25,0.0,1,-0.8131263256072998
NABIL,2022-03-27,0.0,1,0.0
NABIL,2022-03-28,0.8762862682342529,1,0.8762862682342529
NABIL,2022-03-29,0.0,1,-0.8762862682342529
NABIL,2022-04-07,0.7178685665130615,1,0.7178685665130615
NABIL,2022-04-12,0.0,1,-0.7178685665130615
NABIL,2022-04-13,0.8719834685325623,1,0.8719834685325623
NABIL,2022-04-14,0.7493180632591248,1,-0.1226654052734375
NABIL,2022-04-18,0.0,1,-0.7493180632591248
NABIL,2022-04-19,-0.4875280261039734,2,-0.4875280261039734
NABIL,2022-04-22,0.0,1,0.4875280261039734
NABIL,2022-04-25,0.8370718359947205,1,0.8370718359947205
NABIL,2022-04-26,0.0,1,-0.8370718359947205
NABIL,2022-04-27,-0.972928524017334,1,-0.972928524017334
NABIL,2022-04-28,0.0,1,0.972928524017334
NABIL,2022-05-01,0.9529055953025818,1,0.9529055953025818
NABIL,2022-05-06,0.0,1,-0.9529055953025818
NABIL,2022-05-08,0.5748620629310608,1,0.5748620629310608
NABIL,2022-05-09,0.0,1,-0.5748620629310608
NABIL,2022-05-15,0.6913690716028214,2,0.6913690716028214
NABIL,2022-05-19,0.7436016798019409,1,0.05223260819911957
NABIL,2022-05-22,0.0,1,-0.7436016798019409
NABIL,2022-05-24,0.0,1,0.0
NABIL,2022-05-26,0.28470703959465027,2,0.28470703959465027
NABIL,2022-05-27,-0.026293396949768122,2,-0.3110004365444184
NABIL,2022-06-09,0.6932827234268188,1,0.7195761203765869
NABIL,2022-06-16,0.0,1,-0.6932827234268188
NABIL,2022-06-17,0.7425543963909149,2,0.7425543963909149
NABIL,2022-06-20,0.7864360213279724,1,0.043881624937057495
NABIL,2022-06-21,0.0,1,-0.7864360213279724
NABIL,2022-06-28,-0.967181384563446,1,-0.967181384563446
NABIL,2022-06-29,0.892831563949585,1,1.860012948513031
NABIL,2022-06-30,0.3188830018043518,2,-0.5739485621452332
NABIL,2022-07-01,0.0,1,-0.3188830018043518
NABIL,2022-07-04,0.0,1,0.0
NABIL,2022-07-07,-0.8674153089523315,1,-0.8674153089523315
NABIL,2022-07-13,0.9390245676040648,1,1.8064398765563965
NABIL,2022-07-17,0.0,1,-0.9390245676040648
NABIL,2022-07-28,0.7275668382644653,2,0.7275668382644653
NABIL,2022-07-29,0.458477258682251,2,-0.26908957958221436
NABIL,2022-08-03,0.0,1,-0.458477258682251
NABIL,2022-08-04,0.6315617561340332,1,0.6315617561340332
NABIL,2022-08-05,0.9378031492233276,1,0.30624139308929443
NABIL,2022-08-14,0.0,1,-0.9378031492233276
NABIL,2022-08-15,0.0,1,0.0
NABIL,2022-08-17,0.0,1,0.0
NABIL,2022-08-23,0.0,1,0.0
NABIL,2022-08-24,0.0,1,0.0
NABIL,2022-08-28,0.0,1,0.0
NABIL,2022-08-29,0.0,1,0.0
NABIL,2022-08-30,-0.969225823879242,1,-0.969225823879242
NABIL,2022-08-31,0.7359948754310608,1,1.7052206993103027
NABIL,2022-09-02,0.945081353187561,1,0.20908647775650024
NABIL,2022-09-05,0.8278027772903442,1,-0.1172785758972168
NABIL,2022-09-11,0.7239484786987305,1,-0.10385429859161377
NABIL,2022-09-13,0.9037702083587646,1,0.17982172966003418
NABIL,2022-09-15,0.3378616273403168,2,-0.5659085810184479
NABIL,2022-09-16,0.0,1,-0.3378616273403168
NABIL,2022-09-20,0.8336249589920044,1,0.8336249589920044
NABIL,2022-09-21,0.0,1,-0.8336249589920044
NABIL,2022-09-23,0.7452729344367981,2,0.7452729344367981
NABIL,2022-09-26,0.7260991930961609,1,-0.019173741340637207
NABIL,2022-09-28,0.7861647009849548,1,0.060065507888793945
NABIL,2022-09-29,-0.1606607437133789,2,-0.9468254446983337
NABIL,2022-10-12,0.0,1,0.1606607437133789
NABIL,2022-10-17,0.0,1,0.0
NABIL,2022-10-21,0.0,2,0.0
NABIL,2022-11-01,0.0,1,0.0
NABIL,2022-11-03,0.0,1,0.0
NABIL,2022-11-09,0.0,1,0.0
NABIL,2022-11-13,0.0,1,0.0
NABIL,2022-11-14,0.0,1,0.0
NABIL,2022-11-21,0.0,1,0.0
NABIL,2022-11-23,0.0,1,0.0
NABIL,2022-11-24,0.8813428282737732,1,0.8813428282737732
NABIL,2022-11-27,0.0,1,-0.8813428282737732
NABIL,2022-11-29,0.8647575974464417,1,0.8647575974464417
NABIL,2022-11-30,0.31503424048423767,2,-0.549723356962204
NABIL,2022-12-01,0.0,1,-0.31503424048423767
NABIL,2022-12-05,0.35262009501457214,2,0.35262009501457214
NABIL,2022-12-12,0.0,2,-0.35262009501457214
NABIL,2022-12-13,0.0,1,0.0
NABIL,2022-12-14,0.0,2,0.0
NABIL,2022-12-18,0.5297778248786926,1,0.5297778248786926
NABIL,2022-12-19,0.5582076907157898,1,0.028429865837097168
NABIL,2022-12-20,0.8741101026535034,1,0.3159024119377136
NABIL,2022-12-21,0.0,1,-0.8741101026535034
NABIL,2022-12-23,0.0,1,0.0
NABIL,2022-12-29,0.0,1,0.0
NABIL,2023-01-02,0.5956095457077026,1,0.5956095457077026
NABIL,2023-01-06,0.0,1,-0.5956095457077026
NABIL,2023-01-08,0.7278119921684265,1,0.7278119921684265
NABIL,2023-01-16,0.0,1,-0.7278119921684265
NABIL,2023-01-19,0.0,1,0.0
NABIL,2023-01-23,0.0,1,0.0
NABIL,2023-01-27,0.013005554676055908,2,0.013005554676055908
NABIL,2023-01-30,0.0,1,-0.013005554676055908
NABIL,2023-02-02,0.5544213056564331,1,0.5544213056564331
NABIL,2023-02-08,0.0,2,-0.5544213056564331
NABIL,2023-02-21,0.6576523184776306,1,0.6576523184776306
NABIL,2023-02-22,0.0,1,-0.6576523184776306
NABIL,2023-02-23,0.0,1,0.0
NABIL,2023-02-24,0.0,1,0.0
NABIL,2023-03-10,0.0,1,0.0
NABIL,2023-03-12,0.0,1,0.0
NABIL,2023-03-17,-0.8189544677734375,1,-0.8189544677734375
NABIL,2023-03-22,0.0,1,0.8189544677734375
NABIL,2023-03-24,0.9445592761039734,1,0.9445592761039734
NABIL,2023-03-27,0.0,1,-0.9445592761039734
NABIL,2023-03-28,-0.9696500897407532,1,-0.9696500897407532
NABIL,2023-04-02,0.0,1,0.9696500897407532
NABIL,2023-04-05,-0.9497251510620116,1,-0.9497251510620116
NABIL,2023-04-13,0.0,1,0.9497251510620116
NABIL,2023-04-17,0.6242443323135376,1,0.6242443323135376
NABIL,2023-04-19,0.0,1,-0.6242443323135376
NABIL,2023-04-20,-0.826554536819458,1,-0.826554536819458
NABIL,2023-04-21,0.0,1,0.826554536819458
NABIL,2023-04-25,0.0,2,0.0
NABIL,2023-04-27,0.0,1,0.0
NABIL,2023-05-02,0.0,1,0.0
NABIL,2023-05-08,0.846426248550415,1,0.846426248550415
NABIL,2023-05-11,0.0,1,-0.846426248550415
NABIL,2023-05-25,-0.97032231092453,1,-0.97032231092453
NABIL,2023-06-02,0.9018006920814514,1,1.8721230030059814
NABIL,2023-06-05,0.8984060883522034,1,-0.003394603729248047
NABIL,2023-06-11,0.875800371170044,1,-0.022605717182159424
NABIL,2023-06-13,0.43258482217788696,2,-0.443215548992157
NABIL,2023-06-14,0.9419022798538208,1,0.5093174576759338
NABIL,2023-06-15,0.0,1,-0.9419022798538208
NABIL,2023-06-21,0.8839658498764038,1,0.8839658498764038
NABIL,2023-06-22,0.0,1,-0.8839658498764038
NABIL,2023-06-23,0.0,1,0.0
NABIL,2023-06-28,0.8545309901237488,1,0.8545309901237488
NABIL,2023-06-29,0.0,1,-0.8545309901237488
NABIL,2023-07-02,0.4690789878368378,2,0.4690789878368378
NABIL,2023-07-04,0.7973422408103943,1,0.32826325297355646
NABIL,2023-07-09,0.0,1,-0.7973422408103943
NABIL,2023-07-13,0.903087556362152,1,0.903087556362152
NABIL,2023-07-21,0.8319268822669983,1,-0.0711606740951537
NABIL,2023-07-23,0.43263256549835205,2,-0.39929431676864624
NABIL,2023-07-27,0.0,1,-0.43263256549835205
NABIL,2023-07-30,0.0,1,0.0
NABIL,2023-07-31,0.0,1,0.0
NABIL,2023-08-03,0.7116039395332336,1,0.7116039395332336
NABIL,2023-08-06,0.8914065361022949,1,0.17980259656906128
NABIL,2023-08-14,0.0,1,-0.8914065361022949
NABIL,2023-08-23,0.9407697916030884,1,0.9407697916030884
NABIL,2023-08-28,0.9480236172676086,1,0.007253825664520264
NABIL,2023-08-30,0.0,1,-0.9480236172676086
NABIL,2023-09-01,-0.4869869351387024,2,-0.4869869351387024
NABIL,2023-09-04,0.0,1,0.4869869351387024
NABIL,2023-09-12,0.7941543459892273,1,0.7941543459892273
NABIL,2023-09-18,0.7522643208503723,1,-0.04189002513885498
NABIL,2023-09-29,0.0,1,-0.7522643208503723
NABIL,2023-10-01,0.9311464428901672,1,0.9311464428901672
NABIL,2023-10-02,0.0,1,-0.9311464428901672
NABIL,2023-10-06,0.8375481367111206,1,0.8375481367111206
NABIL,2023-10-09,-0.4838240444660187,2,-1.3213721811771393
NABIL,2023-10-12,0.0,1,0.4838240444660187
NABIL,2023-10-13,0.0,1,0.0
NABIL,2023-10-17,0.0,1,0.0
NABIL,2023-10-20,0.0,1,0.0
NABIL,2023-10-31,0.0,1,0.0
NABIL,2023-11-01,0.0,2,0.0
NABIL,2023-11-03,-0.9731652736663818,1,-0.9731652736663818
NABIL,2023-11-08,0.907702088356018,1,1.8808673620224
NABIL,2023-11-10,0.0,1,-0.907702088356018
NABIL,2023-11-22,0.7869743704795837,1,0.7869743704795837
NABIL,2023-11-23,0.4738997220993042,2,-0.31307464838027954
NABIL,2023-11-27,0.0,1,-0.4738997220993042
NABIL,2023-11-28,0.5592013597488403,1,0.5592013597488403
NABIL,2023-12-01,0.0,1,-0.5592013597488403
NABIL,2023-12-04,0.0,1,0.0
NABIL,2023-12-07,0.3184599280357361,2,0.3184599280357361
NABIL,2023-12-13,0.0,1,-0.3184599280357361
NABIL,2023-12-14,0.0,1,0.0
NABIL,2023-12-15,0.0,1,0.0
NABIL,2023-12-19,0.0,2,0.0
NABIL,2023-12-20,-0.970589518547058,1,-0.970589518547058
NABIL,2023-12-28,0.0,1,0.970589518547058
NABIL,2023-12-29,0.0,2,0.0
NABIL,2024-01-12,0.7980123162269592,1,0.7980123162269592
NABIL,2024-01-16,0.0,1,-0.7980123162269592
NABIL,2024-01-21,-0.9726920127868652,1,-0.9726920127868652
NABIL,2024-01-26,0.6969698667526245,1,1.6696618795394897
NABIL,2024-01-29,0.44076135754585266,2,-0.25620850920677185
NABIL,2024-02-07,0.6984851360321045,1,0.25772377848625183
NABIL,2024-02-19,0.0,1,-0.6984851360321045
NABIL,2024-02-26,0.0,1,0.0
NABIL,2024-02-28,0.0,1,0.0
NABIL,2024-03-11,0.0,1,0.0
NABIL,2024-03-14,0.4615075290203094,2,0.4615075290203094
NABIL,2024-03-20,0.0,1,-0.4615075290203094
NABIL,2024-03-22,0.0,1,0.0
NABIL,2024-03-26,0.0,1,0.0
NABIL,2024-03-27,0.8014658689498901,1,0.8014658689498901
NABIL,2024-04-10,0.9111567139625548,1,0.10969084501266468
NABIL,2024-04-19,-0.9727395176887512,1,-1.8838962316513062
NABIL,2024-04-26,0.0,1,0.9727395176887512
NABIL,2024-04-29,0.0,1,0.0
NABIL,2024-05-03,0.83232581615448,1,0.83232581615448
NABIL,2024-05-06,0.939827799797058,1,0.10750198364257801
NABIL,2024-05-08,0.0,3,-0.939827799797058
NABIL,2024-05-16,0.0,1,0.0
NABIL,2024-05-26,0.0,1,0.0
NABIL,2024-05-27,-0.9717580676078796,1,-0.9717580676078796
NABIL,2024-06-02,-0.7553800344467163,1,0.21637803316116333
NABIL,2024-06-09,0.9221310615539552,1,1.6775110960006714
NABIL,2024-06-12,0.0,1,-0.9221310615539552
NABIL,2024-06-24,0.44386786222457886,2,0.44386786222457886
NABIL,2024-06-27,0.917553186416626,1,0.4736853241920471
NABIL,2024-06-30,0.0,1,-0.917553186416626
NABIL,2024-07-02,0.7316980957984924,1,0.7316980957984924
NABIL,2024-07-10,-0.9047204852104188,1,-1.6364185810089111
NABIL,2024-07-11,0.9195388555526732,1,1.824259340763092
NABIL,2024-07-14,0.8262650966644287,2,-0.09327375888824452
NABIL,2024-07-16,0.6890108585357666,1,-0.1372542381286621
NABIL,2024-07-22,0.9091185927391052,1,0.22010773420333862
NABIL,2024-07-28,0.4184804856777191,2,-0.4906381070613861
NABIL,2024-07-30,0.936303734779358,1,0.5178232491016389
NABIL,2024-08-05,0.9351418018341064,1,-0.0011619329452515759
NABIL,2024-08-07,0.8160080313682556,1,-0.11913377046585083
NABIL,2024-08-12,0.0,1,-0.8160080313682556
NABIL,2024-08-13,0.0,1,0.0
NABIL,2024-08-18,0.0,1,0.0
NABIL,2024-08-28,0.0,1,0.0
NABIL,2024-08-30,0.897738516330719,1,0.897738516330719
NABIL,2024-09-03,0.7937946915626526,1,-0.1039438247680664
NABIL,2024-09-11,0.0,1,-0.7937946915626526
NABIL,2024-09-22,0.8948833346366882,1,0.8948833346366882
NABIL,2024-10-01,-0.9737494587898254,1,-1.8686327934265137
NABIL,2024-10-08,0.7059824466705322,1,1.6797319054603577
NABIL,2024-10-20,0.0,1,-0.7059824466705322
NABIL,2024-10-23,0.9488201141357422,1,0.9488201141357422
NABIL,2024-10-27,0.5974586009979248,1,-0.3513615131378174
NABIL,2024-10-28,0.0,1,-0.5974586009979248
NABIL,2024-10-30,0.0,2,0.0
NABIL,2024-11-13,0.747617244720459,1,0.747617244720459
NABIL,2024-11-17,0.32234373688697815,2,-0.42527350783348083
NABIL,2024-11-18,0.0,1,-0.32234373688697815
NABIL,2024-11-24,0.0,1,0.0
NABIL,2024-11-27,0.8513198494911194,1,0.8513198494911194
NABIL,2024-11-29,0.9439915418624878,1,0.09267169237136841
NABIL,2024-12-09,0.0,1,-0.9439915418624878
NABIL,2024-12-10,0.4559426009654999,2,0.4559426009654999
NABIL,2024-12-11,0.0,1,-0.4559426009654999
NABIL,2024-12-13,0.9491130113601683,1,0.9491130113601683
NABIL,2024-12-19,0.7413656115531921,1,-0.2077473998069762
NABIL,2024-12-20,0.5422996282577515,1,-0.19906598329544067
NABIL,2024-12-30,-0.974368453025818,1,-1.5166680812835693
NABIL,2025-01-01,0.0,1,0.974368453025818
NABIL,2025-01-13,0.9357425570487976,1,0.9357425570487976
NABIL,2025-01-16,0.0,1,-0.9357425570487976
NABIL,2025-01-19,0.0,1,0.0
NABIL,2025-01-20,-0.9679889678955078,1,-0.9679889678955078
NABIL,2025-01-22,0.0,1,0.9679889678955078
NABIL,2025-01-28,-0.9746297597885132,1,-0.9746297597885132
NABIL,2025-02-03,0.0,1,0.9746297597885132
NABIL,2025-02-05,0.5303748846054077,1,0.5303748846054077
NABIL,2025-02-09,0.7331593632698059,1,0.2027844786643982
NABIL,2025-02-23,0.6065108776092529,1,-0.12664848566055298
NABIL,2025-02-24,0.7925146818161011,1,0.18600380420684814
NABIL,2025-02-25,0.9395408630371094,1,0.1470261812210083
NABIL,2025-03-02,0.0,1,-0.9395408630371094
NABIL,2025-03-09,0.0,1,0.0
NABIL,2025-03-23,0.677754744887352,2,0.677754744887352
NABIL,2025-03-24,0.0,1,-0.677754744887352
NABIL,2025-03-26,0.0,2,0.0
NABIL,2025-03-27,0.9423735737800598,1,0.9423735737800598
NABIL,2025-04-02,0.0,1,-0.9423735737800598
NABIL,2025-04-08,0.0,1,0.0
NABIL,2025-04-10,0.0,1,0.0
NABIL,2025-04-13,0.8576396703720093,1,0.8576396703720093
NABIL,2025-04-20,-0.8238450884819031,1,-1.6814847588539124
NABIL,2025-04-24,0.4994526505470276,1,1.3232977390289307
NABIL,2025-04-28,-0.9738947153091432,1,-1.4733473658561707
NABIL,2025-05-04,0.6948188543319702,1,1.6687135696411133
NABIL,2025-05-11,0.0,1,-0.6948188543319702
NABIL,2025-05-13,0.9277344346046448,1,0.9277344346046448
NABIL,2025-05-19,0.9250905513763428,1,-0.002643883228302002
NABIL,2025-05-26,0.0,1,-0.9250905513763428
NABIL,2025-05-27,-0.9747271537780762,1,-0.9747271537780762
NABIL,2025-06-03,0.0,1,0.9747271537780762
NABIL,2025-06-05,0.4603116810321808,2,0.4603116810321808
NABIL,2025-06-06,0.0,1,-0.4603116810321808
NABIL,2025-06-13,0.921209454536438,1,0.921209454536438
NABIL,2025-06-20,0.0,1,-0.921209454536438
NABIL,2025-07-01,0.7110437750816345,1,0.7110437750816345
NABIL,2025-07-14,0.454843282699585,2,-0.2562004923820495
NABIL,2025-07-20,0.944238781929016,1,0.489395499229431
NABIL,2025-07-22,0.0,1,-0.944238781929016
NABIL,2025-07-23,0.0,1,0.0
NABIL,2025-07-25,0.0,1,0.0
NABIL,2025-07-30,0.936303734779358,1,0.936303734779358
NABIL,2025-08-01,0.0,1,-0.936303734779358
NABIL,2025-08-06,0.0,1,0.0
NABIL,2025-08-08,0.0,1,0.0
NABIL,2025-08-11,0.9443766474723816,1,0.9443766474723816
NABIL,2025-08-12,0.9543012976646424,1,0.009924650192260853
NABIL,2025-08-15,0.0,1,-0.9543012976646424
NABIL,2025-08-21,0.9330628514289856,1,0.9330628514289856
NABIL,2025-08-22,0.0,1,-0.9330628514289856
NABIL,2025-08-29,0.0,1,0.0
NABIL,2025-08-31,0.0,1,0.0
NABIL,2025-09-01,0.0,1,0.0
NABIL,2025-09-02,0.909773051738739,1,0.909773051738739
NABIL,2025-09-04,0.0,1,-0.909773051738739
NABIL,2025-09-07,0.0,1,0.0
NABIL,2025-09-18,0.0,1,0.0
NABIL,2025-09-28,0.0,1,0.0
NABIL,2025-10-12,0.0,1,0.0
NABIL,2025-10-13,0.0,1,0.0
NABIL,2025-10-26,0.6604616641998291,1,0.6604616641998291
NABIL,2025-10-31,0.0,1,-0.6604616641998291
NABIL,2025-11-06,-0.9731764793395996,1,-0.9731764793395996
NABIL,2025-11-12,0.0,2,0.9731764793395996
NABIL,2025-11-16,0.5896279811859131,1,0.5896279811859131
NABIL,2025-11-20,0.8935493230819702,1,0.30392134189605713
NABIL,2025-11-21,0.5526770949363708,1,-0.34087222814559937
NABIL,2025-11-28,0.3156839013099671,3,-0.23699319362640375
NABIL,2025-11-30,0.9165865182876588,1,0.6009026169776917
NABIL,2025-12-03,0.9140912294387816,1,-0.002495288848877175
NABIL,2025-12-05,0.0,1,-0.9140912294387816
NABIL,2025-12-07,0.0,1,0.0
NABIL,2025-12-10,0.7988752722740173,1,0.7988752722740173
NABIL,2025-12-17,0.0,1,-0.7988752722740173
NABIL,2025-12-18,0.0,1,0.0
NABIL,2025-12-22,0.30224235852559406,3,0.30224235852559406
NABIL,2025-12-30,0.0,1,-0.30224235852559406
NABIL,2026-01-01,0.5075163245201111,1,0.5075163245201111
NABIL,2026-01-04,0.0,1,-0.5075163245201111
NABIL,2026-01-06,0.9090911746025084,1,0.9090911746025084
NABIL,2026-01-13,0.0,1,-0.9090911746025084
NABIL,2026-01-16,0.44556790590286255,2,0.44556790590286255
NABIL,2026-01-29,0.0,2,-0.44556790590286255
NABIL,2026-02-08,0.5985562801361084,1,0.5985562801361084
NABIL,2026-02-12,0.0,1,-0.5985562801361084
NABIL,2026-02-13,0.0,1,0.0
NABIL,2026-02-27,0.0,1,0.0
NABIL,2026-03-01,0.0,1,0.0
NABIL,2026-03-09,0.0,1,0.0
NABIL,2026-03-15,0.9230150580406188,1,0.9230150580406188
NABIL,2026-03-16,0.0,1,-0.9230150580406188
NABIL,2026-03-22,0.0,1,0.0
NABIL,2026-03-23,0.0,2,0.0
NABIL,2026-03-24,0.0,1,0.0
NABIL,2026-03-26,0.0,1,0.0
NABIL,2026-04-02,0.0,1,0.0
NABIL,2026-04-10,0.0,1,0.0
NABIL,2026-04-16,0.8064436912536621,1,0.8064436912536621
NABIL,2026-04-23,0.0,1,-0.8064436912536621
NABIL,2026-04-26,0.0,1,0.0
NABIL,2026-04-28,0.4726162254810334,2,0.4726162254810334
NABIL,2026-05-03,0.0,1,-0.4726162254810334
NABIL,2026-05-11,0.0,1,0.0
NABIL,2026-05-13,0.6014534831047058,1,0.6014534831047058
NABIL,2026-05-18,0.7899086475372314,1,0.18845516443252563
NABIL,2026-05-28,0.0,1,-0.7899086475372314
NABIL,2026-05-29,0.8046448826789856,1,0.8046448826789856
NABIL,2026-06-07,0.0,1,-0.8046448826789856
NABIL,2026-06-08,0.8706846833229065,1,0.8706846833229065
NABIL,2026-06-09,0.9366582036018372,1,0.06597352027893066
NABIL,2026-06-21,0.7473400235176086,1,-0.18931818008422852
NRIC,2020-01-22,0.8917353749275208,1,
NRIC,2020-01-31,0.559768795967102,1,-0.3319665789604187
NRIC,2020-03-17,0.0,2,-0.559768795967102
NRIC,2020-03-18,-0.8797956705093384,1,-0.8797956705093384
NRIC,2020-03-20,-0.924374222755432,1,-0.04457855224609364
NRIC,2020-03-21,0.9039872884750366,1,1.8283615112304688
NRIC,2020-04-02,0.0,1,-0.9039872884750366
NRIC,2020-04-07,0.0,1,0.0
NRIC,2020-04-08,0.0,1,0.0
NRIC,2020-06-10,0.0,1,0.0
NRIC,2020-07-10,0.8715313673019409,1,0.8715313673019409
NRIC,2020-07-13,0.0,1,-0.8715313673019409
NRIC,2020-07-17,0.8876387476921082,2,0.8876387476921082
NRIC,2020-07-24,0.0,1,-0.8876387476921082
NRIC,2020-07-31,0.8295994997024536,1,0.8295994997024536
NRIC,2020-08-04,0.9445071220397948,1,0.1149076223373412
NRIC,2020-08-07,0.9184132814407348,1,-0.02609384059906006
NRIC,2020-08-14,0.9454404711723328,1,0.02702718973159801
NRIC,2020-08-21,0.9342713952064514,1,-0.011169075965881348
NRIC,2020-08-25,0.8749343156814575,1,-0.059337079524993896
NRIC,2020-08-27,-0.9330900311470032,1,-1.8080243468284607
NRIC,2020-08-28,0.946430802345276,1,1.879520833492279
NRIC,2020-08-30,0.7461312413215637,1,-0.20029956102371227
NRIC,2020-09-03,0.9064986705780028,1,0.1603674292564391
NRIC,2020-09-04,0.9275278449058532,1,0.021029174327850342
NRIC,2020-09-15,0.0,1,-0.9275278449058532
NRIC,2020-09-18,0.9365628361701964,1,0.9365628361701964
NRIC,2020-09-24,0.0,1,-0.9365628361701964
NRIC,2020-10-07,0.6629229784011841,1,0.6629229784011841
NRIC,2020-11-09,0.9403488039970398,1,0.2774258255958557
NRIC,2020-12-03,-0.932276725769043,1,-1.8726255297660828
NRIC,2020-12-06,0.7627482414245605,1,1.6950249671936035
NRIC,2020-12-23,0.0,1,-0.7627482414245605
NRIC,2021-01-15,0.0,1,0.0
NRIC,2021-04-09,-0.9474034905433656,1,-0.9474034905433656
NRIC,2021-05-12,0.8590065836906433,1,1.8064100742340088
NRIC,2021-06-22,0.0,1,-0.8590065836906433
NRIC,2021-07-16,0.4517931938171386,1,0.4517931938171386
NRIC,2021-09-08,0.0,1,-0.4517931938171386
NRIC,2021-10-06,0.8794752359390259,1,0.8794752359390259
NRIC,2021-12-14,0.0,1,-0.8794752359390259
NRIC,2022-05-10,0.0,1,0.0
NRIC,2022-05-29,0.6834920048713684,1,0.6834920048713684
NRIC,2022-06-19,0.0,1,-0.6834920048713684
NRIC,2022-08-25,0.0,1,0.0
NRIC,2022-09-02,0.7179568409919739,1,0.7179568409919739
NRIC,2023-04-27,0.0,1,-0.7179568409919739
NRIC,2023-04-30,0.0,1,0.0
NRIC,2023-05-24,0.930303692817688,1,0.930303692817688
NRIC,2023-06-06,0.7969763278961182,1,-0.13332736492156982
NRIC,2023-06-09,0.0,1,-0.7969763278961182
NRIC,2023-06-21,0.673471987247467,1,0.673471987247467
NRIC,2023-08-15,0.0,1,-0.673471987247467
NRIC,2023-09-19,0.0,1,0.0
NRIC,2023-09-25,0.0,1,0.0
NRIC,2023-10-04,0.0,1,0.0
NRIC,2023-10-05,0.0,1,0.0
NRIC,2023-10-09,0.0,1,0.0
NRIC,2023-10-11,0.0,1,0.0
NRIC,2023-11-02,0.0,1,0.0
NRIC,2023-11-06,0.0,1,0.0
NRIC,2023-11-09,0.0,1,0.0
NRIC,2023-12-05,0.0,1,0.0
NRIC,2023-12-12,0.0,2,0.0
NRIC,2023-12-19,0.0,1,0.0
NRIC,2024-01-09,0.0,1,0.0
NRIC,2024-01-12,0.453435480594635,1,0.453435480594635
NRIC,2024-01-30,0.0,1,-0.453435480594635
NRIC,2024-02-11,0.0,1,0.0
NRIC,2024-02-20,0.0,1,0.0
NRIC,2024-03-01,0.0,1,0.0
NRIC,2024-03-26,0.0,1,0.0
NRIC,2024-04-16,0.0,1,0.0
NRIC,2024-04-30,0.0,1,0.0
NRIC,2024-05-09,0.0,1,0.0
NRIC,2024-05-16,0.4955223798751831,1,0.4955223798751831
NRIC,2024-08-21,0.0,1,-0.4955223798751831
NRIC,2024-09-02,0.0,1,0.0
NRIC,2024-11-21,0.0,1,0.0
NRIC,2025-02-20,0.9140934348106384,1,0.9140934348106384
NRIC,2025-07-20,0.8101096749305725,1,-0.10398375988006592
NRIC,2025-07-31,0.0,1,-0.8101096749305725
NRIC,2025-08-17,-0.926160216331482,1,-0.926160216331482
NRIC,2025-08-26,0.92839515209198,1,1.854555368423462
NRIC,2025-09-04,-0.9279670715332032,1,-1.856362223625183
NRIC,2025-10-12,-0.9651174545288086,1,-0.03715038299560536
NRIC,2025-10-19,0.9021562933921814,1,1.86727374792099
NRIC,2025-10-26,0.8716886043548584,1,-0.030467689037322998
NRIC,2026-01-28,0.0,1,-0.8716886043548584
NRIC,2026-02-12,0.0,1,0.0
NRIC,2026-03-13,0.0,1,0.0
NRIC,2026-03-19,0.0,1,0.0
NRIC,2026-06-17,-0.4436233937740326,2,-0.4436233937740326
NTC,2020-01-14,0.0,1,
NTC,2020-02-08,0.0,1,0.0
NTC,2020-02-13,-0.9709942936897278,1,-0.9709942936897278
NTC,2020-05-03,0.6178804636001587,1,1.5888747572898865
NTC,2020-06-05,0.6845394372940063,1,0.06665897369384766
NTC,2020-08-14,-0.9727598428726196,1,-1.657299280166626
NTC,2020-12-29,0.0,1,0.9727598428726196
NTC,2021-03-03,0.0,1,0.0
NTC,2021-03-04,0.0,1,0.0
NTC,2021-03-29,0.0,1,0.0
NTC,2021-05-13,-0.9613263607025146,1,-0.9613263607025146
NTC,2021-05-23,0.6870572566986084,1,1.648383617401123
NTC,2021-09-15,0.7886080741882324,1,0.10155081748962402
NTC,2021-10-08,0.6278582215309143,1,-0.16074985265731812
NTC,2021-11-25,0.0,1,-0.6278582215309143
NTC,2022-02-10,-0.9392878413200378,1,-0.9392878413200378
NTC,2022-03-15,-0.013592362403869629,2,0.9256954789161682
NTC,2022-03-24,0.0,1,0.013592362403869629
NTC,2022-04-08,0.0,1,0.0
NTC,2022-04-28,0.0,1,0.0
NTC,2022-05-11,-0.9647506475448608,1,-0.9647506475448608
NTC,2022-06-17,0.0,1,0.9647506475448608
NTC,2022-07-03,0.7894974946975708,1,0.7894974946975708
NTC,2022-08-09,0.0,1,-0.7894974946975708
NTC,2022-08-15,0.9455934166908264,1,0.9455934166908264
NTC,2022-11-16,-0.9735226631164552,1,-1.9191160798072815
NTC,2022-12-22,0.0,1,0.9735226631164552
NTC,2023-01-13,0.0,1,0.0
NTC,2023-02-12,0.9391222596168518,1,0.9391222596168518
NTC,2023-05-14,0.0,1,-0.9391222596168518
NTC,2023-05-15,0.0,1,0.0
NTC,2023-08-09,-0.6961559057235718,1,-0.6961559057235718
NTC,2023-08-16,0.0,1,0.6961559057235718
NTC,2023-12-22,0.0,1,0.0
NTC,2023-12-24,0.0,1,0.0
NTC,2024-01-03,0.0,1,0.0
NTC,2024-01-16,0.0,1,0.0
NTC,2024-02-13,-0.9714469909667968,1,-0.9714469909667968
NTC,2024-02-26,0.7834699153900146,1,1.7549169063568115
NTC,2024-05-13,0.9503055214881896,1,0.16683560609817494
NTC,2024-06-04,0.0,1,-0.9503055214881896
NTC,2024-08-01,-0.8470179438591003,1,-0.8470179438591003
NTC,2024-08-15,-0.9720966815948486,1,-0.1250787377357483
NTC,2024-12-22,0.0,1,0.9720966815948486
NTC,2025-01-01,0.0,1,0.0
NTC,2025-01-13,0.0,1,0.0
NTC,2025-02-12,-0.9751474857330322,1,-0.9751474857330322
NTC,2025-05-29,0.8852495551109314,1,1.8603970408439636
NTC,2025-07-09,0.7803997993469238,1,-0.10484975576400757
NTC,2025-12-24,0.0,1,-0.7803997993469238
NTC,2026-06-15,-0.951035737991333,1,-0.951035737991333
SCB,2020-02-11,0.0,1,
SCB,2020-07-24,-0.9132052063941956,1,-0.9132052063941956
SCB,2020-08-14,-0.9725781083106996,1,-0.05937290191650402
SCB,2020-08-23,0.0,1,0.9725781083106996
SCB,2020-10-30,0.0,1,0.0
SCB,2020-11-13,-0.9742326736450196,1,-0.9742326736450196
SCB,2020-12-03,0.8762993812561035,1,1.850532054901123
SCB,2020-12-17,0.0,1,-0.8762993812561035
SCB,2020-12-23,0.0,1,0.0
SCB,2021-01-28,-0.974128484725952,1,-0.974128484725952
SCB,2021-05-24,0.6182834506034851,1,1.5924119353294373
SCB,2021-09-22,0.9348431825637816,1,0.3165597319602965
SCB,2021-10-06,0.0,1,-0.9348431825637816
SCB,2021-11-19,0.0,1,0.0
SCB,2022-02-17,0.0,1,0.0
SCB,2022-04-20,0.9501368403434752,1,0.9501368403434752
SCB,2022-07-15,0.0,1,-0.9501368403434752
SCB,2022-07-27,0.8775315284729004,1,0.8775315284729004
SCB,2022-10-31,0.0,1,-0.8775315284729004
SCB,2022-11-18,0.0,1,0.0
SCB,2022-11-22,0.0,1,0.0
SCB,2022-12-18,0.6137262582778931,1,0.6137262582778931
SCB,2023-02-01,0.0,1,-0.6137262582778931
SCB,2023-02-09,0.0,1,0.0
SCB,2023-02-13,0.0,1,0.0
SCB,2023-02-20,0.0,1,0.0
SCB,2023-03-10,0.9080935716629028,1,0.9080935716629028
SCB,2023-04-20,0.9475842714309692,1,0.039490699768066406
SCB,2023-06-06,0.593235194683075,1,-0.3543490767478943
SCB,2023-06-09,0.0,1,-0.593235194683075
SCB,2023-06-11,0.0,1,0.0
SCB,2023-06-27,0.0,1,0.0
SCB,2023-07-05,0.0,1,0.0
SCB,2023-07-26,0.8688172101974487,1,0.8688172101974487
SCB,2023-08-04,0.612567126750946,1,-0.2562500834465027
SCB,2023-08-06,0.9514830708503724,1,0.3389159440994264
SCB,2023-10-30,0.0,1,-0.9514830708503724
SCB,2023-11-20,0.0,1,0.0
SCB,2023-11-22,0.0,1,0.0
SCB,2023-12-02,0.8048083186149597,1,0.8048083186149597
SCB,2023-12-08,0.0,1,-0.8048083186149597
SCB,2023-12-11,0.0,1,0.0
SCB,2023-12-15,0.0,1,0.0
SCB,2024-01-19,0.0,1,0.0
SCB,2024-03-29,0.9525542259216307,1,0.9525542259216307
SCB,2024-04-07,0.9026853442192078,1,-0.049868881702422985
SCB,2024-08-04,-0.9755986332893372,1,-1.878283977508545
SCB,2024-10-01,0.8685308694839478,1,1.844129502773285
SCB,2024-10-29,0.0,1,-0.8685308694839478
SCB,2024-11-19,0.0,1,0.0
SCB,2024-11-26,0.0,1,0.0
SCB,2024-12-10,0.0,1,0.0
SCB,2025-03-12,0.0,1,0.0
SCB,2025-05-25,0.8575525283813477,1,0.8575525283813477
SCB,2025-07-09,0.7280255556106567,1,-0.12952697277069092
SCB,2025-10-17,0.0,1,-0.7280255556106567
SCB,2025-11-05,0.0,1,0.0
SCB,2025-11-23,0.0,1,0.0
SCB,2025-12-01,0.0,1,0.0
